{
    "train_domain_weights": {
        "ArXiv":0.1997321993112564,
        "BookCorpus2":0.010042401030659676,
        "Books3":0.16402588784694672,
        "DM Mathematics":0.05021200701594353,
        "Enron Emails":0.0029569293837994337,
        "EuroParl":0.01562151312828064,
        "FreeLaw":0.08954474329948425,
        "Github":0.09623967856168747,
        "Gutenberg (PG-19)":0.048119839280843735,
        "HackerNews":0.01171613484621048,
        "NIH ExPorter":0.004742245189845562,
        "OpenSubtitles":0.0238507017493248,
        "OpenWebText2":0.1735103726387024,
        "PhilPapers":0.007252845447510481,
        "Pile-CC":0.1550993025302887,
        "PubMed Abstracts":0.05355947092175484,
        "PubMed Central":0.2823030650615692,
        "StackExchange":0.10265565663576126,
        "USPTO Backgrounds":0.0585806742310524,
        "Ubuntu IRC":0.02287435717880726,
        "Wikipedia (en)":0.11214014142751694,
        "YoutubeSubtitles":0.015063601545989513
    },
    "eval_domain_weights": {
        "ArXiv":0.1997321993112564,
        "BookCorpus2":0.010042401030659676,
        "Books3":0.16402588784694672,
        "DM Mathematics":0.05021200701594353,
        "Enron Emails":0.0029569293837994337,
        "EuroParl":0.01562151312828064,
        "FreeLaw":0.08954474329948425,
        "Github":0.09623967856168747,
        "Gutenberg (PG-19)":0.048119839280843735,
        "HackerNews":0.01171613484621048,
        "NIH ExPorter":0.004742245189845562,
        "OpenSubtitles":0.0238507017493248,
        "OpenWebText2":0.1735103726387024,
        "PhilPapers":0.007252845447510481,
        "Pile-CC":0.1550993025302887,
        "PubMed Abstracts":0.05355947092175484,
        "PubMed Central":0.2823030650615692,
        "StackExchange":0.10265565663576126,
        "USPTO Backgrounds":0.0585806742310524,
        "Ubuntu IRC":0.02287435717880726,
        "Wikipedia (en)":0.11214014142751694,
        "YoutubeSubtitles":0.015063601545989513
    }
}
